Handle,Title,Body (HTML),Vendor,Type,Tags,Published,Option1 Name,Option1 Value,Variant SKU,Variant Grams,Variant Inventory Tracker,Variant Inventory Qty,Variant Inventory Policy,Variant Fulfillment Service,Variant Price,Variant Compare At Price,Variant Requires Shipping,Variant Taxable,Image Src,Image Alt Text,Gift Card,SEO Title,SEO Description,Status
whey-isolate-chocolate,Whey Protein Isolate - Rich Chocolate,"<p>25g protein per scoop, low lactose, no added sugar.</p>",Strive Nutrition,Protein,pill:Best seller,TRUE,Size,1 kg,SN-WI-CHOC-1KG,1000,shopify,120,deny,manual,2499,2999,TRUE,TRUE,,,FALSE,,,active
whey-concentrate-vanilla,Whey Protein Concentrate - Madagascar Vanilla,<p>22g protein per scoop with a smooth vanilla finish.</p>,Strive Nutrition,Protein,pill:Best seller,TRUE,Size,1 kg,SN-WC-VAN-1KG,1000,shopify,95,deny,manual,1999,2499,TRUE,TRUE,,,FALSE,,,active
plant-protein-chocolate,Plant Protein - Chocolate,"<p>Pea and rice protein blend, 21g protein, fully vegan.</p>",Strive Nutrition,Protein,pill:New,TRUE,Size,900 g,SN-PP-CHOC-900G,900,shopify,60,deny,manual,2299,2699,TRUE,TRUE,,,FALSE,,,active
plant-protein-vanilla,Plant Protein - Vanilla,"<p>Pea and rice protein blend, 21g protein, fully vegan.</p>",Strive Nutrition,Protein,,TRUE,Size,900 g,SN-PP-VAN-900G,900,shopify,58,deny,manual,2299,2699,TRUE,TRUE,,,FALSE,,,active
creatine-monohydrate,Creatine Monohydrate,"<p>Micronised, unflavoured, 5g per serving, 3rd-party tested.</p>",Strive Nutrition,Creatine,pill:Top rated,TRUE,Size,250 g,SN-CR-MONO-250G,250,shopify,150,deny,manual,899,1099,TRUE,TRUE,,,FALSE,,,active
protein-bar-peanut-butter,Protein Bar - Peanut Butter (Box of 6),"<p>15g protein, 6 bars, no added sugar.</p>",Strive Nutrition,Bars,,TRUE,Size,Box of 6,SN-BAR-PB-6,360,shopify,80,deny,manual,699,799,TRUE,TRUE,,,FALSE,,,active
protein-bar-choco-fudge,Protein Bar - Choco Fudge (Box of 6),"<p>15g protein, 6 bars, rich cocoa fudge.</p>",Strive Nutrition,Bars,,TRUE,Size,Box of 6,SN-BAR-CF-6,360,shopify,0,deny,manual,699,799,TRUE,TRUE,,,FALSE,,,active
protein-bar-triple-chocolate-brownie-crunch-limited,Triple Chocolate Brownie Crunch High-Protein Snack Bar - Limited Edition Box of 12 with Extra Fudge Drizzle,"<p>Limited edition run, 18g protein per bar, 12-bar box.</p>",Strive Nutrition,Bars,,TRUE,Size,Box of 12,SN-BAR-TCB-12-LTD,720,shopify,25,deny,manual,1299,1499,TRUE,TRUE,,,FALSE,,,active
mass-gainer-vanilla,Mass Gainer - Vanilla,"<p>750 calories per serving, 50g protein, for hard gainers.</p>",Strive Nutrition,Gainer,,TRUE,Size,3 kg,SN-MG-VAN-3KG,3000,shopify,40,deny,manual,2999,3499,TRUE,TRUE,,,FALSE,,,active
